date,reports,apprehended,transferred,discharged,hhs_avg,cbp_avg,transfer_eff,discharge_eff,discharged_per_report,net_flow_per_report,stability,discharged_mom_pct
2023-01-01,8,247.0,276.0,1856.0,7369.625,43.875,0.7863,0.0315,232.0,-197.5,52.4704,
2023-02-01,19,1886.0,2637.0,5183.0,7795.7895,171.3158,0.8101,0.035,272.7895,-134.0,76.6742,17.5817
2023-03-01,19,2479.0,3399.0,5375.0,7945.3684,245.1053,0.7299,0.0356,282.8947,-104.0,82.4573,3.7044
2023-04-01,21,3129.0,3967.0,5668.0,7842.6667,250.1905,0.755,0.0344,269.9048,-81.0,83.8362,-4.5918
2023-05-01,22,2746.0,3622.0,6256.0,8187.1364,216.9545,0.7589,0.0347,284.3636,-119.7273,79.3263,5.357
2023-06-01,20,1774.0,2416.0,4029.0,6136.45,145.65,0.8294,0.0328,201.45,-80.65,77.2134,-29.1576
2023-07-01,21,2858.0,3897.0,4407.0,6828.0952,245.2857,0.7566,0.0307,209.8571,-24.2857,74.6494,4.1733
2023-08-01,20,2751.0,3587.0,6470.0,9347.9,237.2,0.7561,0.0346,323.5,-144.15,74.3792,54.1525
2023-09-01,19,3194.0,3971.0,6546.0,10701.3158,291.0526,0.7181,0.0322,344.5263,-135.5263,82.6664,6.4996
2023-10-01,22,1486.0,2049.0,7658.0,10205.3182,102.9091,0.905,0.0341,348.0909,-254.9545,78.5628,1.0346
2023-11-01,20,2299.0,3198.0,5992.0,9726.1,183.5,0.8714,0.0308,299.6,-139.7,80.6444,-13.9305
2023-12-01,19,2207.0,3105.0,6804.0,11068.6316,186.6316,0.8756,0.0324,358.1053,-194.6842,80.0615,19.5278
2024-01-01,22,2097.0,2850.0,6496.0,8851.0455,170.5909,0.7594,0.0334,295.2727,-165.7273,74.6836,-17.5458
2024-02-01,20,4517.0,6332.0,5273.0,8325.2,441.6,0.7169,0.0317,263.65,52.95,76.2475,-10.7097
2024-03-01,21,3377.0,5209.0,5678.0,8382.6667,321.1905,0.7723,0.0323,270.381,-22.3333,76.2049,2.553
2024-04-01,22,3424.0,5178.0,4474.0,7027.1364,309.1818,0.7612,0.0289,203.3636,32.0,72.8985,-24.7863
2024-05-01,21,3493.0,5194.0,4336.0,7490.2857,345.7619,0.7153,0.0276,206.4762,40.8571,75.6361,1.5305
2024-06-01,21,3376.0,4882.0,4911.0,7407.5238,283.9524,0.8187,0.0316,233.8571,-1.381,80.8074,13.2611
2024-07-01,21,2563.0,3679.0,3899.0,6286.3333,212.4286,0.8247,0.0295,185.6667,-10.4762,77.4889,-20.6068
2024-08-01,19,2656.0,3546.0,3073.0,6004.2632,254.4737,0.7334,0.0269,161.7368,24.8947,77.6411,-12.8886
2024-09-01,22,2783.0,3987.0,3692.0,6213.4091,239.2273,0.7576,0.027,167.8182,13.4091,76.1235,3.76
2024-10-01,21,2736.0,3886.0,3194.0,6032.8571,243.4286,0.7602,0.0252,152.0952,32.9524,79.741,-9.369
2024-11-01,19,2664.0,3414.0,3001.0,5914.6842,236.7368,0.759,0.0267,157.9474,21.7368,79.7233,3.8477
2024-12-01,22,3480.0,4395.0,3662.0,6418.6818,271.7273,0.7352,0.0259,166.4545,33.3182,74.0239,5.3861
2025-01-01,22,1311.0,1750.0,3330.0,4991.0909,88.9545,0.8942,0.0303,151.3636,-71.8182,73.1641,-9.0661
2025-02-01,19,312.0,341.0,1160.0,2781.5263,22.6842,0.7912,0.0219,61.0526,-43.1053,37.1925,-59.6649
2025-03-01,22,169.0,190.0,309.0,2164.4545,21.4545,0.4025,0.0065,14.0455,-5.4091,14.3692,-76.9945
2025-04-01,23,189.0,230.0,203.0,2273.1304,24.8696,0.4021,0.0039,8.8261,1.1739,54.4485,-37.1605
2025-05-01,18,217.0,252.0,205.0,2406.9444,32.8333,0.4264,0.0047,11.3889,2.6111,62.0129,29.0367
2025-06-01,17,123.0,138.0,281.0,2492.4118,19.0588,0.4259,0.0066,16.5294,-8.4118,60.6659,45.1363
2025-07-01,21,70.0,88.0,396.0,2187.1905,13.9524,0.3003,0.0086,18.8571,-14.6667,53.2004,14.0824
2025-08-01,20,107.0,147.0,254.0,2001.3,25.6,0.2871,0.0063,12.7,-5.35,62.4124,-32.6515
2025-09-01,22,204.0,260.0,237.0,2082.2273,35.8182,0.3299,0.0052,10.7727,1.0455,60.4888,-15.1754
2025-10-01,21,168.0,263.0,242.0,2231.0476,34.3333,0.3648,0.0052,11.5238,1.0,66.2139,6.9721
2025-11-01,19,129.0,182.0,159.0,2325.8947,34.7895,0.2753,0.0036,8.3684,1.2105,44.8147,-27.3815
2025-12-01,15,116.0,124.0,144.0,2445.2667,36.2,0.2284,0.0039,9.6,-1.3333,68.4216,14.717
